iteration,cost,entropy,free_energy,num_conflicts,conflict_density,entropy_production_rate,energy_dissipation_rate,cost_change_rate,entropy_variance,energy_variance,cost_variance,entropy_autocorr,energy_autocorr,cost_autocorr,exploration_rate,conflict_persistence,phase_space_velocity,thermodynamic_efficiency,entropy_to_cost_ratio,energy_gradient,system_temperature,algorithm,seed
0,97,2.074164743022575,107.37082371511288,7,0.04861111111111111,0.0,-0.0,0.0,0.0,0.0,0.0,0.0,0.0,0.0,1.0,0.1067058675978535,0.0,0.0,0.021383141680645104,-0.0,10.370823715112877,F-CBS (T=5.0),879
1,97,1.295461844238322,103.4773092211916,5,0.034722222222222224,-0.7787028987842531,3.89351449392128,-1.5821751463626973e-14,0.15159455114374973,3.789863778593757,0.0,0.0,0.0,0.0,1.0,0.1833336142684141,0.7787028987842533,0.019327908843520744,0.013355276744724968,3.89351449392128,6.477309221191604,F-CBS (T=5.0),879
1,97,2.074164743022575,107.37082371511288,7,0.04861111111111111,-1.8441354664535076e-16,2.499746128740124e-15,6.049777028516808e-15,0.13475071212777753,3.3687678031944515,0.0,-1.0,-1.0,0.0,0.6666666666666666,0.14909211675978595,0.7787028987842533,0.0,0.021383141680645104,2.499746128740124e-15,10.370823715112877,F-CBS (T=5.0),879
2,97,1.061278124459133,102.30639062229567,4,0.027777777777777776,-0.22599569569060796,1.1299784784530496,-1.7606439117359406e-14,0.20746731424308645,5.186682856077168,0.0,-0.9753162076182074,-0.9753162076182078,0.0,0.75,0.1870936054916037,1.0128866185634422,0.02932368136293344,0.010941011592362195,1.1299784784530496,5.306390622295666,F-CBS (T=5.0),879
2,97,0.8112781244591328,101.05639062229567,4,0.027777777777777776,-0.2759956956906075,1.3799784784530398,-4.786654065862152e-15,0.27224704500327224,6.806176125081808,0.0,-0.10320445640669414,-0.10320445640669612,0.0,0.8,0.2525292649987235,0.2500000000000001,0.0,0.008363692004733329,1.3799784784530398,4.056390622295666,F-CBS (T=5.0),879
3,97,0.0,97.0,3,0.020833333333333332,-0.36675032837182514,1.833751641859127,7.784089870752781e-15,0.5242555480565665,13.106388701414167,0.0,0.43561480433380956,0.4356148043338083,0.0,0.8333333333333334,0.296721875686244,0.8112781244591328,0.010309278350515464,0.0,1.833751641859127,0.0,F-CBS (T=5.0),879
3,97,0.8112781244591328,101.05639062229567,4,0.027777777777777776,-0.2729453629546577,1.3647268147732918,-8.576171813239612e-16,0.4697565514786683,11.74391378696671,0.0,0.3908010679825881,0.39080106798258707,0.0,0.8571428571428571,0.33865494281656816,0.8112781244591328,0.0,0.008363692004733329,1.3647268147732918,4.056390622295666,F-CBS (T=5.0),879
4,98,0.0,98.0,1,0.006944444444444444,-0.2787210241562105,1.3102717874477126,0.0833333333333431,0.558488544103676,12.801647086394887,0.109375,0.4347522899693633,0.43494820871429923,0.0,0.875,0.3506061116485343,1.2877003514894017,0.030612244897959183,0.0,1.3102717874477126,0.0,F-CBS (T=5.0),879
4,98,0.6500224216483541,101.25011210824177,3,0.020833333333333332,-0.21950010299663106,0.9808338483164848,0.1166666666666696,0.5096594805887704,11.469253131289232,0.1728395061728395,0.42808025134628364,0.40018679439963956,0.6546536707079771,0.8888888888888888,0.39253321179301026,0.6500224216483541,0.0,0.006632881853554633,0.9808338483164848,3.2501121082417654,F-CBS (T=5.0),879
5,99,0.8112781244591328,103.05639062229567,2,0.013888888888888888,-0.16858277190771376,0.6610956777203832,0.1818181818181797,0.46111464817023684,10.404874374915199,0.44000000000000006,0.4247012585674428,0.3766617045502998,0.8237544710479141,0.9,0.3911995779217561,1.0129182601222066,0.009703425415557448,0.00819472852989023,0.6610956777203832,4.056390622295666,F-CBS (T=5.0),879
5,99,0.8112781244591328,103.05639062229567,2,0.013888888888888888,-0.1331468289543172,0.45664323568067666,0.2090909090909131,0.42099596451534677,9.520374969823242,0.6115702479338843,0.4244580743754533,0.3844737190520475,0.8668451156610705,0.9090909090909091,0.39622635775297954,0.0,0.0,0.00819472852989023,0.45664323568067666,4.056390622295666,F-CBS (T=5.0),879
6,97,0.0,97.0,3,0.020833333333333332,-0.13878498861600447,0.5540648032198787,0.13986013986014095,0.45419847948357583,10.850822597398684,0.5833333333333334,0.4138595924134161,0.30286917635355115,0.554054054054054,0.9166666666666666,0.4234708160925028,2.15827991586493,0.0,0.0,0.5540648032198787,0.0,F-CBS (T=5.0),879
6,97,0.8112781244591328,101.05639062229567,4,0.027777777777777776,-0.11087190556289883,0.46095293440789914,0.0934065934065955,0.41947810727925516,10.05901534240646,0.5562130177514792,0.3710797732075131,0.283298970140759,0.5714285714285715,0.9230769230769231,0.44315727723358744,0.8112781244591328,0.0,0.008363692004733329,0.46095293440789914,4.056390622295666,F-CBS (T=5.0),879
7,98,0.0,98.0,1,0.006944444444444444,-0.11333814532655348,0.47658083652288175,0.09010989010988814,0.4388471513505002,10.2850314052922,0.5357142857142857,0.3556294839968018,0.2890778889190495,0.5212765957446809,0.9285714285714286,0.45087498929070124,1.2877003514894017,0.030612244897959183,0.0,0.47658083652288175,0.0,F-CBS (T=5.0),879
7,98,0.6500224216483541,101.25011210824177,3,0.020833333333333332,-0.09585718699855618,0.39357164927849153,0.08571428571428741,0.41100560565382804,9.60337661931543,0.5155555555555557,0.3430860524949218,0.26986730381330193,0.5358913016456668,0.9333333333333333,0.4581259507840909,0.6500224216483541,0.0,0.006632881853554633,0.39357164927849153,3.2501121082417654,F-CBS (T=5.0),879
8,99,0.8112781244591328,103.05639062229567,2,0.013888888888888888,-0.07848876143035213,0.2895026306811699,0.10294117647058867,0.3853424060686933,9.147450268626827,0.609375,0.3390114143828399,0.2615333899386282,0.5492942180025513,0.9375,0.4591839831453083,1.0129182601222066,0.009703425415557448,0.00819472852989023,0.2895026306811699,4.056390622295666,F-CBS (T=5.0),879
8,99,0.8112781244591328,103.05639062229567,2,0.013888888888888888,-0.0650302583653032,0.21240619378729628,0.11274509803921819,0.3626956769379226,8.729186152909906,0.6782006920415226,0.33899199639371635,0.2769125057722667,0.6276459144608478,0.9411764705882353,0.46186629302865745,0.0,0.0,0.00819472852989023,0.21240619378729628,4.056390622295666,F-CBS (T=5.0),879
9,97,0.0,97.0,3,0.020833333333333332,-0.06867776263709045,0.2608294736601656,0.08255933952528556,0.3755560670020399,9.389399300681156,0.6666666666666666,0.31965715889829105,0.21321964614541217,0.4795918367346936,0.9444444444444444,0.4809576290564006,2.15827991586493,0.0,0.0,0.2608294736601656,0.0,F-CBS (T=5.0),879
9,98,0.8112781244591328,102.05639062229567,4,0.027777777777777776,-0.05739456747748202,0.21153424089618142,0.07543859649123076,0.35598263874061215,8.915909472307227,0.6371191135734071,0.28650971176904927,0.169744256417765,0.45182599577992394,0.9473684210526315,0.48585874715351485,1.2877003514894017,0.0,0.008278348208766662,0.21153424089618142,4.056390622295666,F-CBS (T=5.0),879
10,98,0.0,98.0,1,0.006944444444444444,-0.05994371896093378,0.23054566247384148,0.0691729323308259,0.36507254963547076,9.034218969801888,0.61,0.267863717578089,0.15165886004513712,0.4558236133317563,0.95,0.4914774552618526,0.8112781244591328,0.030612244897959183,0.0,0.23054566247384148,0.0,F-CBS (T=5.0),879
10,98,0.6500224216483541,101.25011210824177,3,0.020833333333333332,-0.05261041368752415,0.1994157048012552,0.06363636363636385,0.34787824935138273,8.604043588800705,0.5850340136054419,0.25703187231099045,0.14072265970621345,0.45937128141520545,0.9523809523809523,0.49720530709292876,0.6500224216483541,0.0,0.006632881853554633,0.1994157048012552,3.2501121082417654,F-CBS (T=5.0),879
11,99,0.8112781244591328,103.05639062229567,2,0.013888888888888888,-0.04456722652767143,0.15225454031763436,0.07058159232072121,0.33249597197846026,8.350992453820266,0.6301652892561982,0.25467228754849863,0.1384122239352384,0.4592750578013363,0.9545454545454546,0.49799807918701067,1.0129182601222066,0.009703425415557448,0.00819472852989023,0.15225454031763436,4.056390622295666,F-CBS (T=5.0),879
11,99,0.8112781244591328,103.05639062229567,2,0.013888888888888888,-0.03796298383509147,0.11471610494620875,0.07509881422924937,0.31841548754478216,8.108464031449731,0.6654064272211722,0.25634810358770505,0.15594976310414507,0.5145450921507189,0.9565217391304348,0.50004285112176,0.0,0.0,0.00819472852989023,0.11471610494620875,4.056390622295666,F-CBS (T=5.0),879
12,100,0.8112781244591328,104.05639062229567,2,0.013888888888888888,-0.03249808712345398,0.0746643486607492,0.08782608695652144,0.3054783600430637,8.046509351749334,0.826388888888889,0.2578703075852684,0.17832336120193118,0.5768911316833064,0.9583333333333334,0.48510675641648093,1.0,0.0,0.008112781244591328,0.0746643486607492,4.056390622295666,F-CBS (T=5.0),879
12,99,0.9182958340544896,103.59147917027245,3,0.020833333333333332,-0.026956037098220916,0.04708787779879498,0.08769230769230729,0.2947068726162411,7.886678486813733,0.8383999999999999,0.2597618340043821,0.20526466299058008,0.6025157343041208,0.96,0.485150658757072,1.0057100925053084,0.0,0.009275715495499895,0.04708787779879498,4.59147917027245,F-CBS (T=5.0),879
13,100,0.8112781244591328,104.05639062229567,2,0.013888888888888888,-0.023282473595449146,0.02102775259263033,0.09538461538461489,0.28360501575285907,7.802961702496322,0.9600591715976331,0.26266822581411053,0.22784772632823316,0.629874302027255,0.9615384615384616,0.4753587049150495,1.0057100925053084,0.00961017381075425,0.008112781244591328,0.02102775259263033,4.056390622295666,F-CBS (T=5.0),879
13,99,0.9182958340544896,103.59147917027245,3,0.020833333333333332,-0.01933281856792545,0.003868000043536195,0.09279609279609129,0.27430000471803256,7.639784528390539,0.9574759945130318,0.26410691574780076,0.24810819718837823,0.6403223907899279,0.9629629629629629,0.47744672959427203,1.0057100925053084,0.0,0.009275715495499895,0.003868000043536195,4.59147917027245,F-CBS (T=5.0),879
14,100,0.8112781244591328,104.05639062229567,2,0.013888888888888888,-0.016819066817031544,-0.013332142652667026,0.0974274767378239,0.26467009119055457,7.544958061841653,1.0510204081632655,0.2665151579625949,0.2653129474972885,0.6544020310792523,0.9642857142857143,0.47061181268282304,1.0057100925053084,0.00961017381075425,0.008112781244591328,-0.013332142652667026,4.056390622295666,F-CBS (T=5.0),879
14,99,0.9182958340544896,103.59147917027245,3,0.020833333333333332,-0.013936682463466271,-0.023912646795971756,0.0935960591133013,0.2565523389703625,7.3841427746150625,1.0392390011890607,0.26760917231481085,0.2810928102599585,0.658526353253082,0.9655172413793104,0.4737574018305828,1.0057100925053084,0.0,0.009275715495499895,-0.023912646795971756,4.59147917027245,F-CBS (T=5.0),879
15,99,1.0,104.0,2,0.013888888888888888,-0.010976545192768198,-0.03499491586040693,0.08987764182424747,0.25001079611618127,7.276934302767563,1.026666666666667,0.2727422501088499,0.2943395412664579,0.6659578050361531,0.9666666666666667,0.4689930356506635,0.08170416594551044,0.009615384615384616,0.010101010101010102,-0.03499491586040693,5.0,F-CBS (T=5.0),879
15,99,1.2987949406953985,105.493974703477,4,0.027777777777777776,-0.006679911746058646,-0.05289076385034988,0.08629032258064373,0.2510570522076995,7.424871215620121,1.0135275754422475,0.28509030230617943,0.31713349877106717,0.6726070757084969,0.967741935483871,0.4686484465199183,0.29879494069539847,0.0,0.013119140815105035,-0.05289076385034988,6.493974703476994,F-CBS (T=5.0),879
16,98,1.5,105.5,2,0.013888888888888888,-0.001958907082288515,-0.06736822118680016,0.07716275659824078,0.2590809279669506,7.541629371052125,0.9833984375,0.32346283999906783,0.3543324226860073,0.6584470657634671,0.96875,0.46477226605017696,1.0200409187330517,0.018957345971563982,0.015306122448979591,-0.06736822118680016,7.5,F-CBS (T=5.0),879
16,98,1.5487949406953985,105.743974703477,4,0.027777777777777776,0.0022256360763320904,-0.08031267236027007,0.06918449197860817,0.26776718644807357,7.679709721107484,0.9550045913682277,0.3716915262399443,0.3877425199705645,0.6590595448172321,0.9696969696969697,0.4645193623030355,0.04879494069539847,0.0,0.015804030007095904,-0.08031267236027007,7.743974703476994,F-CBS (T=5.0),879
17,100,1.5,107.5,2,0.013888888888888888,0.005456680910551684,-0.09955231211578326,0.072268907563027,0.2730396972791935,8.220160945730287,1.018166089965398,0.41141461097775583,0.42922816623685217,0.6166982585360917,0.9705882352941176,0.46276468432650575,2.000595148009079,0.018604651162790697,0.015,-0.09955231211578326,7.5,F-CBS (T=5.0),879
17,100,1.0,105.0,2,0.013888888888888888,0.005757667624418778,-0.10329814204366342,0.07450980392156974,0.26593758676632984,8.162786908793992,1.0726530612244898,0.41564088099921015,0.45304343360681193,0.6486444438533929,0.9714285714285714,0.460454856934573,0.5,0.0,0.01,-0.10329814204366342,5.0,F-CBS (T=5.0),879
18,100,0.8112781244591328,104.05639062229567,2,0.013888888888888888,0.005135167499769521,-0.10173761356062501,0.0760617760617794,0.2585826819980917,7.997858738720004,1.119598765432099,0.4151226913444753,0.4606230293163261,0.6742340675753855,0.9444444444444444,0.4562007635848676,0.18872187554086717,0.0,0.008112781244591328,-0.10173761356062501,4.056390622295666,F-CBS (T=5.0),879
18,100,1.0,105.0,2,0.013888888888888888,0.005391742962012738,-0.10400944975553691,0.07705073494547357,0.25222675350609264,7.935006014643713,1.1599707815924027,0.4134075996361161,0.4668864154501955,0.6951941305087946,0.9459459459459459,0.4559888606397955,0.18872187554086717,0.0,0.01,-0.10400944975553691,5.0,F-CBS (T=5.0),879
19,100,1.5,107.5,2,0.013888888888888888,0.007612346622373293,-0.11564133700726067,0.07757960389539359,0.25644611314715027,8.328728425603614,1.1945983379501381,0.41308261872769114,0.4827947852074888,0.7126775707844641,0.9473684210526315,0.4549321293403965,0.5,0.0,0.015,-0.11564133700726067,7.5,F-CBS (T=5.0),879
19,100,1.0,105.0,2,0.013888888888888888,0.007556045337672017,-0.1155130202106264,0.07773279352226745,0.2503178547434576,8.238482679314753,1.2241946088099935,0.4153335431886232,0.49676825046584383,0.7274836223769063,0.9487179487179487,0.45318203474816177,0.5,0.0,0.01,-0.1155130202106264,5.0,F-CBS (T=5.0),879
20,100,0.8112781244591328,104.05639062229567,2,0.013888888888888888,0.006789687330622508,-0.11152817398894684,0.0775797373358342,0.2441428992875223,8.068863975129887,1.249375,0.41455833712174195,0.5009208729414334,0.7401838578439278,0.925,0.45013796646415927,0.18872187554086717,0.0,0.008112781244591328,-0.11152817398894684,4.056390622295666,F-CBS (T=5.0),879
20,100,1.0,105.0,2,0.013888888888888888,0.006764048865357766,-0.11099794467522049,0.07717770034843238,0.23860173973031373,7.9804408492157215,1.270672218917311,0.4128140232566031,0.5042672658712913,0.7511978954785117,0.926829268292683,0.4504320779201938,0.18872187554086717,0.0,0.01,-0.11099794467522049,5.0,F-CBS (T=5.0),879
21,100,1.5,107.5,2,0.013888888888888888,0.008380560327702633,-0.11847682319268354,0.07657402155417019,0.24210522910609417,8.278424107484252,1.2885487528344672,0.41149535054964453,0.5139779610326172,0.7608407680877071,0.9285714285714286,0.4498262955318745,0.5,0.0,0.015,-0.11847682319268354,7.5,F-CBS (T=5.0),879
21,100,1.0,105.0,2,0.013888888888888888,0.00816956425808285,-0.11665573430762889,0.07580791301721455,0.23676825839360294,8.174326031869136,1.3034072471606273,0.4124380612377902,0.5227722955583338,0.7693536062198131,0.9302325581395349,0.4484591093476775,0.5,0.0,0.01,-0.11665573430762889,5.0,F-CBS (T=5.0),879
22,100,0.8112781244591328,104.05639062229567,2,0.013888888888888888,0.007389420889053074,-0.11185901424089492,0.07491190979562973,0.23152131264435558,8.010030103697163,1.3155991735537191,0.4115437480011252,0.5251488843522867,0.7769241146724875,0.9090909090909091,0.44624804164604936,0.18872187554086717,0.0,0.008112781244591328,-0.11185901424089492,4.056390622295666,F-CBS (T=5.0),879
22,100,1.0,105.0,2,0.013888888888888888,0.00723437538347003,-0.11008492039561271,0.07391304347826173,0.22665272239624762,7.910862907031709,1.325432098765432,0.4098439545981247,0.5269708054928057,0.7837005963933747,0.9111111111111111,0.4468579819001597,0.18872187554086717,0.0,0.01,-0.11008492039561271,5.0,F-CBS (T=5.0),879
23,102,0.0,102.0,3,0.020833333333333332,0.004303407599536648,-0.09990125014692681,0.07838421214924281,0.23856067703899192,7.766407568789391,1.5297731568998107,0.38390761335680107,0.5179320030387782,0.7771332080109568,0.9130434782608695,0.441237929685918,2.23606797749979,0.0,0.0,-0.09990125014692681,0.0,F-CBS (T=5.0),879
23,99,0.0,99.0,1,0.006944444444444444,0.0017195704285325438,-0.08271903623146962,0.074121184088806,0.2492607616010016,7.953409401183859,1.4984155726573105,0.4266877607929052,0.5179296924048239,0.7246741086846765,0.9148936170212766,0.44390481604254384,3.0,0.020202020202020204,0.0,-0.08271903623146962,0.0,F-CBS (T=5.0),879
24,102,1.0,107.0,2,0.013888888888888888,0.001992163810101552,-0.08779408001446692,0.07783326096395936,0.24451541838087745,8.109982287892745,1.6805555555555554,0.3987588187438323,0.45114006513635085,0.6860322638133859,0.9166666666666666,0.45224005372371723,3.1622776601683795,0.0,0.00980392156862745,-0.08779408001446692,5.0,F-CBS (T=5.0),879
24,102,0.0,102.0,1,0.006944444444444444,-0.00022114479884067064,-0.07981264335273552,0.08091836734694008,0.2541383397382953,7.969021332829665,1.846730528946272,0.3752548760186773,0.431073321947717,0.7229648578908516,0.9183673469387755,0.4548024802520072,1.0,0.00980392156862745,0.0,-0.07981264335273552,0.0,F-CBS (T=5.0),879
25,102,0.0,102.0,1,0.006944444444444444,-0.0021787516039311053,-0.0725636249335255,0.08345738295318161,0.262803513389501,7.83273649957727,1.9983999999999997,0.4106878517124632,0.43268185076060256,0.7510392238772451,0.92,0.4534856796632015,0.0,0.0,0.0,-0.0725636249335255,0.0,F-CBS (T=5.0),879
25,102,1.0,107.0,2,0.013888888888888888,0.001312546052970463,-0.09237305439450447,0.08581032412965182,0.23156410706532754,7.771545933706472,2.0964000000000005,0.36039426209435854,0.41772837008444547,0.7635977934558171,0.92,0.4675314938979982,1.0,0.0,0.00980392156862745,-0.09237305439450447,5.0,F-CBS (T=5.0),879
26,106,1.5,113.5,2,0.013888888888888888,0.004176447870642659,-0.11797707728838842,0.09709483793517444,0.23644363110858385,9.90920056435029,2.9423999999999997,0.3371282420219544,0.46033433980875843,0.758203986538377,0.92,0.4652820101658325,4.031128874149275,0.0,0.014150943396226415,-0.11797707728838842,7.5,F-CBS (T=5.0),879
26,103,0.0,103.0,1,0.006944444444444444,0.005398321910474453,-0.12744779202536186,0.10045618247298947,0.21533234522014946,9.564381675670235,3.1104000000000003,0.2580492399805879,0.4190623382614739,0.7560768452560467,0.92,0.458790754026849,3.3541019662496847,0.009708737864077669,0.0,-0.12744779202536186,0.0,F-CBS (T=5.0),879
27,102,0.0,102.0,1,0.006944444444444444,0.004338856787728071,-0.12258263928077781,0.10088835534213693,0.22469849024960603,9.57679868335445,3.128400000000001,0.2962427721365272,0.41729631427475716,0.758433781013645,0.92,0.4507016649421065,1.0,0.0,0.0,-0.12258263928077781,0.0,F-CBS (T=5.0),879
27,105,0.8112781244591328,109.05639062229567,2,0.013888888888888888,0.004677959940968034,-0.13128895936870583,0.1078991596638649,0.22469849024960603,10.156987854014009,3.5956,0.2962427721365272,0.3785784386152147,0.7520210726836231,0.92,0.4267691221045872,3.1077599964002895,0.0,0.007726458328182218,-0.13128895936870583,4.056390622295666,F-CBS (T=5.0),879
28,102,1.0,107.0,1,0.006944444444444444,0.0034743109959648735,-0.12445438811307685,0.10708283313325333,0.21467209453772967,9.587668068420191,3.5616,0.3082358937248635,0.3884386776532117,0.7364323421298983,0.92,0.43951681057929803,3.0059301299776853,0.009345794392523364,0.00980392156862745,-0.12445438811307685,5.0,F-CBS (T=5.0),879
28,103,1.4591479170272448,110.29573958513622,3,0.020833333333333332,0.005241775245763664,-0.13434813193109915,0.10813925570228093,0.22421066672281248,10.349127959944976,3.6143999999999994,0.3287737203557611,0.40030033901606005,0.7399580109539731,0.92,0.44113390593289903,1.1003712145046587,0.0,0.014166484631332474,-0.13434813193109915,7.295739585136218,F-CBS (T=5.0),879
29,108,1.5,115.5,2,0.013888888888888888,0.0050563380853878145,-0.14811482368023973,0.12283313325330084,0.22189362940391621,12.355967449676028,4.8384,0.3574676166711199,0.46408021872920663,0.7331702393302932,0.92,0.4310250256262286,5.000166886483211,0.008658008658008658,0.013888888888888888,-0.14811482368023973,7.5,F-CBS (T=5.0),879
29,103,0.0,103.0,1,0.006944444444444444,0.002789323182109978,-0.13874853667885784,0.12480192076830715,0.23416880501337153,12.219439147729634,4.9204,0.29106734438475806,0.3877138221478403,0.7105169542784673,0.92,0.436537022333791,5.220153254455275,0.009708737864077669,0.0,-0.13874853667885784,0.0,F-CBS (T=5.0),879
30,104,1.0,109.0,1,0.006944444444444444,0.0033325885038811807,-0.14775537949419498,0.13109243697478962,0.23502284701354484,12.665370332384525,5.1824,0.2683448104645527,0.3702851029536998,0.7205124346566659,0.92,0.4178803831562401,1.4142135623730951,0.0,0.009615384615384616,-0.14775537949419498,5.0,F-CBS (T=5.0),879
30,104,0.0,104.0,1,0.006944444444444444,0.001504788099309915,-0.1444267016009916,0.136902761104442,0.24737502486614957,12.63920603832857,5.4244,0.2551025299890773,0.36419251207394676,0.7371482474321769,0.92,0.4187281267280256,1.0,0.0,0.0,-0.1444267016009916,0.0,F-CBS (T=5.0),879
31,102,0.0,102.0,3,0.020833333333333332,-0.0022319020098710476,-0.12146954157129243,0.13262905162064836,0.24737502486614957,11.683040323091632,5.2463999999999995,0.30209660354475437,0.3413857807610016,0.7247020399044514,0.92,0.41046805265236064,2.0,0.0,0.0,-0.12146954157129243,0.0,F-CBS (T=5.0),879
31,99,0.0,99.0,1,0.006944444444444444,-0.003981788548948036,-0.10090738378587233,0.12081632653061182,0.25920066496257355,12.035264614031014,5.049599999999999,0.34546831824669916,0.33171126703746123,0.6999327476071618,0.92,0.3915599339872283,3.0,0.020202020202020204,0.0,-0.10090738378587233,0.0,F-CBS (T=5.0),879
32,102,1.0,107.0,2,0.013888888888888888,-0.005287623616164153,-0.09188120965027186,0.11831932773109245,0.2483230588526633,11.358572339085054,4.9664,0.3230654688242341,0.2750408274388237,0.6768202125041897,0.92,0.3819186837536367,3.1622776601683795,0.0,0.00980392156862745,-0.09188120965027186,5.0,F-CBS (T=5.0),879
32,102,0.0,102.0,1,0.006944444444444444,-0.007450546630363891,-0.07818544211828866,0.11543817527010776,0.2600346094872205,11.273020821381103,4.8704,0.30208320554126494,0.25514372047331907,0.6749312625262737,0.92,0.3775794936789657,1.0,0.00980392156862745,0.0,-0.07818544211828866,0.0,F-CBS (T=5.0),879
33,102,0.0,102.0,1,0.006944444444444444,-0.009156130595985171,-0.06884119575957033,0.11462184873949514,0.27156085515015804,11.355247702681776,4.85,0.33296889829234544,0.2606876198555231,0.6735236025754778,0.92,0.3738151681716728,0.0,0.0,0.0,-0.06884119575957033,0.0,F-CBS (T=5.0),879
33,102,1.0,107.0,2,0.013888888888888888,-0.008430859519641594,-0.07136310936457756,0.11351740696278473,0.2727010198834579,11.438093235728525,4.8224,0.3216596325144699,0.2409773947427863,0.6731965675249546,0.9,0.3666196594244433,1.0,0.0,0.00980392156862745,-0.07136310936457756,5.0,F-CBS (T=5.0),879
34,106,1.5,113.5,2,0.013888888888888888,-0.008534045975038578,-0.07396842558699203,0.11663865546218517,0.27141170512327245,11.796180923918328,5.0564,0.33647424614366545,0.23757604617327616,0.6462919986971414,0.9,0.3549156528676377,4.031128874149275,0.0,0.014150943396226415,-0.07396842558699203,7.5,F-CBS (T=5.0),879
34,103,0.0,103.0,1,0.006944444444444444,-0.010323898248086669,-0.06266622304528108,0.11428571428571474,0.28350743152276686,11.707342604240411,4.9584,0.2900875189116968,0.16719320668859988,0.6342516660162841,0.9,0.35493425782259036,3.3541019662496847,0.009708737864077669,0.0,-0.06266622304528108,0.0,F-CBS (T=5.0),879
35,102,0.0,102.0,1,0.006944444444444444,-0.0140226402257445,-0.03898643872721995,0.10909963985594139,0.28350743152276686,10.918332190762621,4.7856000000000005,0.32082932021655725,0.1366266486378069,0.6203418192686373,0.9,0.3472947349433163,1.0,0.0,0.0,-0.03898643872721995,0.0,F-CBS (T=5.0),879
35,105,0.8112781244591328,109.05639062229567,2,0.013888888888888888,-0.014220600853939482,-0.03948523102442073,0.11058823529411785,0.2832415189284639,10.950766808329066,4.8724,0.3122968208154491,0.09904055222455731,0.604040049398523,0.9,0.3414396219729232,3.1077599964002895,0.0,0.007726458328182218,-0.03948523102442073,4.056390622295666,F-CBS (T=5.0),879
36,102,1.0,107.0,1,0.006944444444444444,-0.01359508482718942,-0.03881929375120791,0.10679471788715396,0.2842248634145142,10.92889059168729,4.7776,0.3122660499306556,0.10300857378839753,0.5871082471895605,0.9,0.327104740812738,3.0059301299776853,0.009345794392523364,0.00980392156862745,-0.03881929375120791,5.0,F-CBS (T=5.0),879
36,103,1.4591479170272448,110.29573958513622,3,0.020833333333333332,-0.01190734531024711,-0.04552929985932785,0.10506602641056419,0.2933331807192652,11.333529302763743,4.72,0.31731732919810796,0.11222599082847594,0.5831810085971936,0.9,0.32224382274895547,1.1003712145046587,0.0,0.014166484631332474,-0.04552929985932785,7.295739585136218,F-CBS (T=5.0),879
37,108,1.5,115.5,2,0.013888888888888888,-0.010185703633375464,-0.06623834857982126,0.11716686674669859,0.3032103306508525,13.30762488305966,5.5264,0.3390543125845198,0.1791565753657084,0.5698696267646531,0.92,0.31643040675053236,5.000166886483211,0.008658008658008658,0.013888888888888888,-0.06623834857982126,7.5,F-CBS (T=5.0),879
37,103,0.0,103.0,1,0.006944444444444444,-0.011797533292000499,-0.05529804782571139,0.11428571428571474,0.31553986736865713,13.361527979964388,5.4304,0.29062027823490816,0.12123991676023756,0.5490113848266751,0.92,0.2970804620048262,5.220153254455275,0.009708737864077669,0.0,-0.05529804782571139,0.0,F-CBS (T=5.0),879
38,104,1.0,109.0,1,0.006944444444444444,-0.011230314284179164,-0.05967075751067631,0.11582232893157203,0.31643156583819443,13.541597328440467,5.481599999999999,0.2736060782890542,0.10237778842285647,0.5470120537528814,0.94,0.2810576662091254,1.4142135623730951,0.0,0.009615384615384616,-0.05967075751067631,5.0,F-CBS (T=5.0),879
38,104,0.0,104.0,1,0.006944444444444444,-0.012772076815936142,-0.05066542624444914,0.11452581032413006,0.3282251307746089,13.510952379651378,5.4276,0.25765726449181453,0.0882697240938236,0.5478792844787129,0.94,0.2762111089705802,1.0,0.0,0.0,-0.05066542624444914,0.0,F-CBS (T=5.0),879
39,102,0.0,102.0,3,0.020833333333333332,-0.014487731857717342,-0.03805353759016501,0.1104921968787516,0.3398194362342197,13.72699067607041,5.360400000000001,0.28389086936529645,0.09184793275345653,0.5361125419849764,0.96,0.2779295249325956,2.0,0.0,0.0,-0.03805353759016501,0.0,F-CBS (T=5.0),879
39,99,0.0,99.0,1,0.006944444444444444,-0.015863388847240135,-0.01744175924519273,0.09675870348139287,0.35034239272200024,14.515329805344095,5.360399999999999,0.3057435073726645,0.11854787673197502,0.510924237661113,0.96,0.27298517235822894,3.0,0.020202020202020204,0.0,-0.01744175924519273,0.0,F-CBS (T=5.0),879
40,102,1.0,107.0,2,0.013888888888888888,-0.014597821148583785,-0.01709492787052626,0.09008403361344669,0.35034239272200035,14.506662489291202,5.193599999999999,0.2835182694920965,0.10184322058878058,0.485403259507803,0.96,0.2745051031615867,3.1622776601683795,0.0,0.00980392156862745,-0.01709492787052626,5.0,F-CBS (T=5.0),879
40,102,0.0,102.0,1,0.006944444444444444,-0.014953451914490944,-0.008353988926945492,0.08312124849940031,0.3541899484131675,14.761065850171944,5.0196,0.2490034752988172,0.09393215696840233,0.4616066051272597,0.96,0.27493787723201624,1.0,0.00980392156862745,0.0,-0.008353988926945492,0.0,F-CBS (T=5.0),879
41,102,0.0,102.0,1,0.006944444444444444,-0.014691601388396883,3.663839456645557e-05,0.07342136854741867,0.35091812608962203,15.00569458973058,4.6964,0.2398996326370209,0.10914537018343544,0.42241145421227144,0.96,0.2872731746870806,0.0,0.0,0.0,3.663839456645557e-05,0.0,F-CBS (T=5.0),879
41,102,1.0,107.0,2,0.013888888888888888,-0.011813254248835097,-0.004271063689798273,0.06333733493397477,0.33775987193280976,15.050764744353337,4.360399999999999,0.187816513258098,0.10048429487523633,0.4020862263436071,0.94,0.24908220011801974,1.0,0.0,0.00980392156862745,-0.004271063689798273,5.0,F-CBS (T=5.0),879
42,106,1.5,113.5,2,0.013888888888888888,-0.00782522893852059,-0.02805272685601653,0.06717887154861908,0.3377598719328097,16.23937226940093,4.5524,0.18781651325809798,0.11383991174708663,0.3729731151776846,0.94,0.24982255801903275,4.031128874149275,0.0,0.014150943396226415,-0.02805272685601653,7.5,F-CBS (T=5.0),879
42,103,0.0,103.0,1,0.006944444444444444,-0.008591105188830333,-0.020429828197504437,0.06338535414165733,0.3441396210978899,16.366369761051732,4.4576,0.1466557192181066,0.08246389400925781,0.3569606134035202,0.94,0.25888110378702733,3.3541019662496847,0.009708737864077669,0.0,-0.020429828197504437,0.0,F-CBS (T=5.0),879
43,102,0.0,102.0,1,0.006944444444444444,-0.009723119045506658,-0.008335185084591768,0.05695078031212469,0.3517897104918458,16.573547778994545,4.3504000000000005,0.1645301422171356,0.09187297364804922,0.3385600750829615,0.94,0.25160158833640434,1.0,0.0,0.0,-0.008335185084591768,0.0,F-CBS (T=5.0),879
43,105,0.8112781244591328,109.05639062229567,2,0.013888888888888888,-0.008406153310346257,-0.01535218662954127,0.0573829531812729,0.34971937026297,16.810650393860065,4.368400000000001,0.14086343714117971,0.07703488584986122,0.31029850753184884,0.94,0.24511694153054864,3.1077599964002895,0.0,0.007726458328182218,-0.01535218662954127,4.056390622295666,F-CBS (T=5.0),879
44,102,1.0,107.0,1,0.006944444444444444,-0.00540252175753474,-0.023263501656503194,0.050276110444178304,0.3372092448455101,16.777699766772763,4.25,0.127945798548373,0.08383794421442398,0.27837127276150037,0.94,0.2388370532317804,3.0059301299776853,0.009345794392523364,0.00980392156862745,-0.023263501656503194,5.0,F-CBS (T=5.0),879
44,103,1.4591479170272448,110.29573958513622,3,0.020833333333333332,-0.002495012752894419,-0.032855068288349845,0.045330132052820625,0.3483296007833207,17.200817444440226,4.1264,0.14021532755841437,0.08940220405546352,0.25372926774311416,0.94,0.24528271607047525,1.1003712145046587,0.0,0.014166484631332474,-0.032855068288349845,7.295739585136218,F-CBS (T=5.0),879
45,108,1.5,115.5,2,0.013888888888888888,2.3469398143958034e-06,-0.051872478996791455,0.051860744297719884,0.362657086258004,19.013657181064996,4.561599999999999,0.17241400290564038,0.13195293595302535,0.22273536166906396,0.94,0.24134246215184207,5.000166886483211,0.008658008658008658,0.013888888888888888,-0.051872478996791455,7.5,F-CBS (T=5.0),879
45,103,0.0,103.0,1,0.006944444444444444,-0.000633672868004888,-0.042689978997311064,0.04585834333733503,0.36795513125713847,19.166637631056343,4.4116,0.12271682025118172,0.09694135458685123,0.18563429377485285,0.94,0.22591153685875842,5.220153254455275,0.009708737864077669,0.0,-0.042689978997311064,0.0,F-CBS (T=5.0),879
46,104,1.0,109.0,1,0.006944444444444444,0.0024037767119309324,-0.05393965186697833,0.04192076830732349,0.35530415375670577,19.307202293562835,4.280399999999999,0.09038873072062051,0.08831493832501042,0.15465592225073563,0.94,0.2177917574234709,1.4142135623730951,0.0,0.009615384615384616,-0.05393965186697833,5.0,F-CBS (T=5.0),879
46,104,0.0,104.0,1,0.006944444444444444,0.0019118145271608698,-0.047158112251649655,0.03759903961584643,0.3594021987558405,19.36369251855851,4.1364,0.07154680763904489,0.0799071557376431,0.12388487202776811,0.94,0.2319149478248541,1.0,0.0,0.0,-0.047158112251649655,0.0,F-CBS (T=5.0),879
47,110,1.5,117.5,2,0.013888888888888888,0.004583126500730097,-0.0699264368253794,0.047010804321728064,0.37472765772412653,21.913409404969265,4.9204,0.035230608766662,0.051469571831012625,0.10640861692846461,0.94,0.22878562064837904,6.18465843842649,0.0,0.013636363636363636,-0.0699264368253794,7.5,F-CBS (T=5.0),879
47,104,1.0,109.0,1,0.006944444444444444,0.0064740001502418265,-0.07371453856633549,0.04134453781512669,0.3747276577241266,22.03962895497792,4.7316,0.06743893838958641,0.07308280074445143,0.10424628995690588,0.94,0.25587116608985017,6.020797289396148,0.009174311926605505,0.009615384615384616,-0.07371453856633549,5.0,F-CBS (T=5.0),879
48,100,1.4591479170272446,107.29573958513622,3,0.020833333333333332,0.0069962422479809255,-0.06576152336475533,0.03078031212484943,0.38107535487172917,21.688793533434332,4.9075999999999995,0.06396854799126749,0.04762984362653406,0.07271118807308886,0.94,0.23991923455311548,4.026265864260638,0.0,0.014591479170272446,-0.06576152336475533,7.295739585136218,F-CBS (T=5.0),879
48,100,1.0,105.0,3,0.020833333333333332,0.006298002051919809,-0.04455123474939429,0.013061224489796746,0.37525901403854006,20.62870330843866,4.76,0.09100826932373163,0.0512622703178327,0.09518052787779299,0.94,0.22658091538342717,0.45914791702724456,0.0,0.01,-0.04455123474939429,5.0,F-CBS (T=5.0),879
49,110,1.5,117.5,2,0.013888888888888888,0.009129173620564575,-0.07176831708241438,0.02612244897959145,0.3870508436219455,23.009245414696224,5.6304,0.11848140466730134,0.03617338348154925,-0.004919919421267366,0.96,0.2268289505950598,10.012492197250394,0.00851063829787234,0.013636363636363636,-0.07176831708241438,7.5,F-CBS (T=5.0),879
49,104,1.0,109.0,1,0.006944444444444444,0.008286875801454237,-0.06573209809490652,0.024297719087634843,0.3800345027887564,22.65727348553461,5.6,0.1083088167976804,0.03567443801880247,0.0030742336419993543,0.96,0.2115405272143006,6.020797289396148,0.009174311926605505,0.009615384615384616,-0.06573209809490652,5.0,F-CBS (T=5.0),879
50,110,1.5,117.5,2,0.013888888888888888,0.008525010155213049,-0.07902361019983455,0.03639855942376983,0.3830099915389728,24.373407070962454,6.406400000000001,0.13182624630253215,0.05350654628638303,0.00865067551370471,0.96,0.21263103538278638,6.020797289396148,0.0,0.013636363636363636,-0.07902361019983455,7.5,F-CBS (T=5.0),879
50,104,1.0,109.0,1,0.006944444444444444,0.009891595889524079,-0.0830714248257717,0.03361344537815165,0.3830099915389728,24.44084366263056,6.36,0.13182624630253212,0.06865008193480328,0.028639250045552685,0.96,0.19912021743610442,6.020797289396148,0.009174311926605505,0.009615384615384616,-0.0830714248257717,5.0,F-CBS (T=5.0),879
51,100,1.0,105.0,1,0.006944444444444444,0.012482671419753476,-0.09343376526203302,0.031020408163265515,0.3722181619555673,23.7071381480411,6.489599999999999,0.17080631366568563,0.088917668649375,0.027585019612963713,0.96,0.19837329469426368,4.0,0.0,0.01,-0.09343376526203302,5.0,F-CBS (T=5.0),879
51,102,0.8112781244591328,106.05639062229567,2,0.013888888888888888,0.011004245298049983,-0.08138377150825668,0.026362545018006715,0.36222703691174624,23.40034851376945,6.5284,0.14771824235303255,0.07423185583841552,0.0408484390735146,0.96,0.19614169308307516,2.0088842540842573,0.0,0.007953707102540519,-0.08138377150825668,4.056390622295666,F-CBS (T=5.0),879
52,100,1.0,105.0,1,0.006944444444444444,0.00989195678271308,-0.06410564225690292,0.014645858343337355,0.3529616735789898,22.968568063778108,6.723599999999999,0.1538854648227427,0.0856522371737954,0.06291743728652754,0.96,0.19849556673683655,2.0088842540842573,0.009523809523809525,0.01,-0.06410564225690292,5.0,F-CBS (T=5.0),879
52,102,0.8112781244591328,106.05639062229567,2,0.013888888888888888,0.010226381950253171,-0.06630597937911821,0.015174069627852066,0.3529616735789898,22.91358163909397,6.7104,0.1538854648227426,0.08761820856658434,0.08282358698311723,0.96,0.19849556673683677,2.0088842540842573,0.0,0.007953707102540519,-0.06630597937911821,4.056390622295666,F-CBS (T=5.0),879
53,100,1.0,105.0,1,0.006944444444444444,0.011467034611386852,-0.06127274808694658,0.003937575030011289,0.3529616735789897,22.997435272421534,6.8976,0.1463616886777436,0.08986758898583706,0.09374948569608309,0.96,0.20641601377783525,2.0088842540842573,0.009523809523809525,0.01,-0.06127274808694658,5.0,F-CBS (T=5.0),879
53,102,0.8112781244591328,106.05639062229567,2,0.013888888888888888,0.013388079679093742,-0.06698841760315138,4.8019207683781206e-05,0.3425942632898111,22.795593394518114,6.9300000000000015,0.11869198965916818,0.06896959397170777,0.11290871850222374,0.96,0.2089746317804564,2.0088842540842573,0.0,0.007953707102540519,-0.06698841760315138,4.056390622295666,F-CBS (T=5.0),879
54,100,1.0,105.0,1,0.006944444444444444,0.015915442524387625,-0.0833707300289005,0.00379351740696321,0.33206779703916206,21.36271443819996,6.680399999999999,0.1586552680740917,0.10394688123974152,0.12941953726539726,0.94,0.2092474518862505,2.0088842540842573,0.009523809523809525,0.01,-0.0833707300289005,5.0,F-CBS (T=5.0),879
54,102,0.8112781244591328,106.05639062229567,2,0.013888888888888888,0.01437330371774862,-0.07263482591167289,0.0007683073229288269,0.32164610506154323,21.089381176374154,6.705600000000001,0.17465646748365463,0.11394507332613482,0.1384784838668363,0.92,0.21771771919876182,2.0088842540842573,0.0,0.007953707102540519,-0.07263482591167289,4.056390622295666,F-CBS (T=5.0),879
55,100,1.0,105.0,1,0.006944444444444444,0.015646282109312938,-0.07381364343972138,-0.004417767106843434,0.32164610506154334,21.050102976339545,6.878400000000002,0.19161221660867064,0.12149723411395796,0.14436607773155638,0.9,0.2300397090619718,2.0088842540842573,0.009523809523809525,0.01,-0.07381364343972138,5.0,F-CBS (T=5.0),879
55,102,0.8112781244591328,106.05639062229567,2,0.013888888888888888,0.014026229437179658,-0.06561734166369043,-0.004513805522209329,0.31069787532774373,20.909702508085417,6.88,0.16234515760812734,0.11153628744927184,0.15446864215161246,0.88,0.2287636031749415,2.0088842540842573,0.0,0.007953707102540519,-0.06561734166369043,4.056390622295666,F-CBS (T=5.0),879
56,100,1.0,105.0,1,0.006944444444444444,0.012772314371412971,-0.04983996321360675,-0.014021608643457448,0.30025276282990715,20.51542582061787,7.038400000000001,0.1292622472402164,0.07925191574703166,0.15307748004569943,0.86,0.22696930650911906,2.0088842540842573,0.009523809523809525,0.01,-0.04983996321360675,5.0,F-CBS (T=5.0),879
56,102,0.8112781244591328,106.05639062229567,2,0.013888888888888888,0.01097830941841927,-0.02891315573555404,-0.02597839135654284,0.2881289728403596,19.285353646021967,6.739599999999999,0.1439519709332981,0.0836946462832391,0.15157958687727816,0.84,0.2261492226978934,2.0088842540842573,0.0,0.007953707102540519,-0.02891315573555404,4.056390622295666,F-CBS (T=5.0),879
57,102,0.0,102.0,3,0.020833333333333332,0.009646480487158307,-0.01735605189557609,-0.03087635054021589,0.2992231078377634,19.766707020957067,6.7395999999999985,0.154470425710122,0.08850854165526173,0.15157958687727816,0.86,0.22988578268481863,0.8112781244591328,0.0,0.0,-0.01735605189557609,0.0,F-CBS (T=5.0),879
57,100,0.0,100.0,0,0.0,0.005961710379426753,0.010671640179697347,-0.04048019207683105,0.2992231078377634,20.233648370931103,6.8995999999999995,0.15447042571012204,0.09759347098567411,0.15591208267510695,0.86,0.2260702003791586,2.0,0.03,0.0,0.010671640179697347,0.0,F-CBS (T=5.0),879
58,100,0.0,100.0,0,0.0,0.005961710379426753,0.010671640179697347,-0.04048019207683105,0.2992231078377634,20.233648370931103,6.8995999999999995,0.15447042571012204,0.09759347098567411,0.15591208267510695,0.86,0.2260702003791586,2.0,0.03,0.0,0.010671640179697347,0.0,F-CBS (T=5.0),879
